{
  "timestamp": "2026-03-22T13:32:16.714769+00:00",
  "model": {
    "name": "mixtral-8x7b-instruct-v0.1.Q5_K_M",
    "architecture": "llama",
    "params": "46.7B",
    "quant": "Q5K",
    "size_gb": 30.94676971435547
  },
  "hardware": {
    "cpu": "Apple M1 Max",
    "ram_gb": 32.0,
    "gpu": "Apple M1 Max",
    "nvme_seq_gbps": 5.093685141
  },
  "placement": {
    "gpu_gb": 1.1420822143554688,
    "ram_gb": 0.0,
    "nvme_gb": 29.8046875
  },
  "config": {
    "context": 512,
    "max_tokens": 10,
    "prompt": "Write a short paragraph about artificial intelligence.",
    "n_gpu_layers": 33
  },
  "baseline": {
    "prompt_eval_ms": 32210.487,
    "tok_per_sec": 0.21869024576475468,
    "tokens_generated": 10,
    "wall_time_ms": 93984.464208
  },
  "hypura": {
    "prompt_eval_ms": 1298.703125,
    "tok_per_sec": 1.8850716879030163,
    "tokens_generated": 10,
    "wall_time_ms": 26404.382458
  },
  "speedup": 8.6198251838392
}