{
  "timestamp": "2026-03-22T13:34:33.479968+00:00",
  "model": {
    "name": "Qwen3-Coder-Next-Q4_K_M",
    "architecture": "qwen3next",
    "params": "79.7B",
    "quant": "Q4K",
    "size_gb": 45.233887672424316
  },
  "hardware": {
    "cpu": "Apple M1 Max",
    "ram_gb": 32.0,
    "gpu": "Apple M1 Max",
    "nvme_seq_gbps": 5.093685141
  },
  "placement": {
    "gpu_gb": 1.6401376724243164,
    "ram_gb": 0.0,
    "nvme_gb": 43.59375
  },
  "config": {
    "context": 512,
    "max_tokens": 10,
    "prompt": "Write a short paragraph about artificial intelligence.",
    "n_gpu_layers": 49
  },
  "baseline": {
    "prompt_eval_ms": 5278.226667,
    "tok_per_sec": 3.4343909050495767,
    "tokens_generated": 10,
    "wall_time_ms": 29091.145708
  },
  "hypura": {
    "prompt_eval_ms": 1534.6388749999999,
    "tok_per_sec": 1.2118052430844206,
    "tokens_generated": 10,
    "wall_time_ms": 38157.248625
  },
  "speedup": 0.3528442965833348
}