{
  "timestamp": "2026-03-21T15:27:01.561794+00:00",
  "model": {
    "name": "tinyllama-1.1b-q4_k_m",
    "architecture": "llama",
    "params": "1.1B",
    "quant": "Q4K",
    "size_gb": 0.6212654113769531
  },
  "hardware": {
    "cpu": "Apple M1 Max",
    "ram_gb": 32.0,
    "gpu": "Apple M1 Max",
    "nvme_seq_gbps": 5.093685141
  },
  "placement": {
    "gpu_gb": 0.6212654113769531,
    "ram_gb": 0.0,
    "nvme_gb": 0.0
  },
  "config": {
    "context": 2048,
    "max_tokens": 30,
    "prompt": "Write a short paragraph about artificial intelligence.",
    "n_gpu_layers": 23
  },
  "baseline": {
    "prompt_eval_ms": 4.199416,
    "tok_per_sec": 144.87991413411788,
    "tokens_generated": 30,
    "wall_time_ms": 368.58299999999997
  },
  "hypura": {
    "prompt_eval_ms": 1.1247500000000001,
    "tok_per_sec": 147.89881995229032,
    "tokens_generated": 30,
    "wall_time_ms": 324.159584
  },
  "speedup": 1.0208372971244157
}