{
  "timestamp": "2026-03-22T13:49:59.787640+00:00",
  "model": {
    "name": "Qwen3-Coder-Next-Q4_K_M",
    "architecture": "qwen3next",
    "params": "79.7B",
    "quant": "Q4K",
    "size_gb": 45.233887672424316
  },
  "hardware": {
    "cpu": "Apple M1 Max",
    "ram_gb": 32.0,
    "gpu": "Apple M1 Max",
    "nvme_seq_gbps": 5.093685141
  },
  "placement": {
    "gpu_gb": 45.233887672424316,
    "ram_gb": 0.0,
    "nvme_gb": 0.0
  },
  "config": {
    "context": 512,
    "max_tokens": 30,
    "prompt": "Write a short paragraph about artificial intelligence.",
    "n_gpu_layers": 0
  },
  "baseline": {
    "prompt_eval_ms": 5691.670625000001,
    "tok_per_sec": 2.6004454937248176,
    "tokens_generated": 30,
    "wall_time_ms": 38496.183375
  },
  "hypura": {
    "prompt_eval_ms": 5866.87925,
    "tok_per_sec": 2.8891638499918573,
    "tokens_generated": 30,
    "wall_time_ms": 36143.280249999996
  },
  "speedup": 1.1110264979457372
}