{
  "timestamp": "2026-03-21T15:28:33.166523+00:00",
  "model": {
    "name": "qwen2.5-14b-q4_k_m",
    "architecture": "qwen2",
    "params": "14.8B",
    "quant": "Q4K",
    "size_gb": 8.365272521972656
  },
  "hardware": {
    "cpu": "Apple M1 Max",
    "ram_gb": 32.0,
    "gpu": "Apple M1 Max",
    "nvme_seq_gbps": 5.093685141
  },
  "placement": {
    "gpu_gb": 8.365272521972656,
    "ram_gb": 0.0,
    "nvme_gb": 0.0
  },
  "config": {
    "context": 2048,
    "max_tokens": 30,
    "prompt": "Write a short paragraph about artificial intelligence.",
    "n_gpu_layers": 49
  },
  "baseline": {
    "prompt_eval_ms": 326.71937499999996,
    "tok_per_sec": 8.904976003764132,
    "tokens_generated": 30,
    "wall_time_ms": 10864.119041
  },
  "hypura": {
    "prompt_eval_ms": 2.8800000000000003,
    "tok_per_sec": 12.346216301388425,
    "tokens_generated": 30,
    "wall_time_ms": 3767.071959
  },
  "speedup": 1.3864401539285094
}