{
  "timestamp": "2026-03-13T18:43:26.949155+00:00",
  "model": {
    "name": "llama-3.3-70b-q4_k_m",
    "architecture": "llama",
    "params": "70.6B",
    "quant": "Q4K",
    "size_gb": 39.59288048744202
  },
  "hardware": {
    "cpu": "Apple M1 Max",
    "ram_gb": 32.0,
    "gpu": "Apple M1 Max",
    "nvme_seq_gbps": 5.093685141
  },
  "placement": {
    "gpu_gb": 24.909286737442017,
    "ram_gb": 4.306640625,
    "nvme_gb": 10.376953125
  },
  "config": {
    "context": 2048,
    "max_tokens": 10,
    "prompt": "Write a short paragraph about artificial intelligence.",
    "n_gpu_layers": 0
  },
  "baseline": {
    "prompt_eval_ms": 73727.64766599999,
    "tok_per_sec": 0.010872293334797759,
    "tokens_generated": 10,
    "wall_time_ms": 1193392.479208
  },
  "hypura": {
    "prompt_eval_ms": 66038.850292,
    "tok_per_sec": 0.011210339210140155,
    "tokens_generated": 10,
    "wall_time_ms": 1164362.585917
  },
  "speedup": 1.031092416745274
}